{
  "version": 1,
  "author": "Anonymous maker",
  "editor": "wokwi",
  "parts": [
    { "type": "wokwi-arduino-uno", "id": "uno", "top": 0, "left": 0, "attrs": {} },
    {
      "type": "wokwi-ntc-temperature-sensor",
      "id": "ntc1",
      "top": -179.8,
      "left": 210.6,
      "attrs": {}
    },
    {
      "type": "wokwi-led",
      "id": "led1",
      "top": -128.4,
      "left": 13.4,
      "attrs": { "color": "red" }
    }
  ],
  "connections": [
    [ "ntc1:GND", "uno:GND.1", "black", [ "h0" ] ],
    [ "ntc1:OUT", "uno:A0", "green", [ "h76.8", "v307.1", "h-96" ] ],
    [ "led1:C", "uno:GND.1", "black", [ "v67.2", "h86.8" ] ],
    [ "led1:A", "uno:7", "green", [ "v9.6", "h153.6" ] ]
  ],
  "dependencies": {}
}